{"_wandb":{"runtime":1},"acc":0.8495042807830944,"loss":0.12615827879229802,"_timestamp":1.7342169417802436e+09,"_runtime":1.1923487,"_step":7}